,UnitPrice,Quantity,Discount,OrderDate
0,21.0,12,0.0,2012-07-04
1,14.0,10,0.0,2012-07-04
2,34.8,5,0.0,2012-07-04
3,23.25,9,0.0,2012-07-05
4,53.0,40,0.0,2012-07-05
5,9.65,10,0.0,2012-07-08
6,53.0,35,0.15,2012-07-08
7,21.05,15,0.15,2012-07-08
8,21.0,6,0.05,2012-07-08
9,19.5,15,0.05,2012-07-08
10,21.05,20,0.0,2012-07-08
11,81.0,40,0.05,2012-07-09
12,2.5,25,0.05,2012-07-09
13,34.0,40,0.0,2012-07-09
14,12.5,20,0.0,2012-07-10
15,18.0,42,0.0,2012-07-10
16,20.0,40,0.0,2012-07-10
17,4.5,15,0.15,2012-07-11
18,24.0,21,0.15,2012-07-11
19,10.0,21,0.0,2012-07-11
20,19.0,20,0.0,2012-07-12
21,17.45,35,0.0,2012-07-12
22,19.0,25,0.0,2012-07-12
23,55.0,30,0.0,2012-07-12
24,32.8,15,0.0,2012-07-15
25,13.0,12,0.0,2012-07-15
26,43.9,25,0.0,2012-07-16
27,18.0,6,0.0,2012-07-16
28,13.0,15,0.0,2012-07-16
29,19.0,50,0.2,2012-07-17
30,21.35,65,0.2,2012-07-17
31,32.0,6,0.2,2012-07-17
32,10.0,10,0.0,2012-07-18
33,26.0,1,0.0,2012-07-18
34,9.65,16,0.25,2012-07-19
35,19.5,50,0.0,2012-07-19
36,49.3,15,0.25,2012-07-19
37,15.0,21,0.25,2012-07-19
38,10.0,20,0.0,2012-07-19
39,18.0,20,0.0,2012-07-19
40,21.35,12,0.2,2012-07-22
41,30.0,15,0.0,2012-07-22
42,38.0,2,0.0,2012-07-22
43,17.45,60,0.25,2012-07-23
44,4.5,28,0.0,2012-07-23
45,25.89,60,0.25,2012-07-23
46,10.0,36,0.25,2012-07-23
47,19.0,35,0.0,2012-07-24
48,9.65,25,0.15,2012-07-24
49,39.0,30,0.0,2012-07-25
50,15.0,20,0.0,2012-07-25
51,38.0,12,0.05,2012-07-26
52,18.4,50,0.0,2012-07-29
53,55.0,70,0.15,2012-07-29
54,18.0,15,0.15,2012-07-29
55,123.79,10,0.0,2012-07-30
56,34.8,4,0.0,2012-07-30
57,2.5,60,0.05,2012-07-31
58,34.8,20,0.05,2012-07-31
59,19.0,30,0.0,2012-08-01
60,46.0,25,0.0,2012-08-01
61,2.5,24,0.0,2012-08-01
62,81.0,6,0.0,2012-08-02
63,12.5,40,0.0,2012-08-02
64,34.8,24,0.0,2012-08-02
65,31.0,24,0.05,2012-08-05
66,12.5,15,0.05,2012-08-05
67,2.5,20,0.0,2012-08-05
68,18.4,60,0.05,2012-08-05
69,18.0,33,0.05,2012-08-05
70,21.5,20,0.0,2012-08-06
71,34.8,7,0.0,2012-08-06
72,4.5,12,0.05,2012-08-07
73,55.0,6,0.05,2012-08-07
74,31.0,15,0.0,2012-08-08
75,6.0,10,0.0,2012-08-08
76,45.6,20,0.0,2012-08-09
77,49.3,12,0.0,2012-08-09
78,19.45,16,0.0,2012-08-12
79,55.0,15,0.0,2012-08-12
80,43.9,8,0.0,2012-08-12
81,15.0,25,0.0,2012-08-12
82,39.0,15,0.25,2012-08-13
83,4.5,12,0.0,2012-08-14
84,24.0,20,0.0,2012-08-14
85,7.75,30,0.0,2012-08-14
86,9.2,1,0.0,2012-08-14
87,4.5,6,0.0,2012-08-14
88,18.0,4,0.0,2012-08-14
89,25.89,6,0.0,2012-08-15
90,19.5,2,0.0,2012-08-15
91,15.5,20,0.0,2012-08-16
92,9.2,18,0.0,2012-08-16
93,34.0,35,0.0,2012-08-16
94,34.8,3,0.0,2012-08-16
95,43.9,15,0.25,2012-08-19
96,19.45,21,0.0,2012-08-19
97,34.0,20,0.25,2012-08-19
98,14.0,5,0.25,2012-08-19
99,18.0,45,0.2,2012-08-20
100,18.4,40,0.2,2012-08-20
101,32.8,36,0.2,2012-08-20
102,18.0,100,0.0,2012-08-21
103,49.3,40,0.0,2012-08-21
104,17.45,40,0.15,2012-08-22
105,14.0,20,0.0,2012-08-22
106,12.0,15,0.15,2012-08-22
107,7.45,10,0.1,2012-08-23
108,12.5,3,0.1,2012-08-23
109,10.0,30,0.0,2012-08-26
110,33.25,9,0.0,2012-08-26
111,21.35,20,0.0,2012-08-27
112,123.79,15,0.0,2012-08-27
113,20.0,15,0.0,2012-08-27
114,13.0,10,0.0,2012-08-27
115,6.0,20,0.1,2012-08-27
116,19.45,24,0.1,2012-08-27
117,53.0,2,0.1,2012-08-27
118,81.0,20,0.0,2012-08-28
119,62.5,12,0.0,2012-08-29
120,4.5,10,0.0,2012-08-29
121,43.9,5,0.0,2012-08-29
122,7.75,6,0.0,2012-08-29
123,18.0,18,0.0,2012-08-30
124,39.0,15,0.0,2012-08-30
125,46.0,15,0.0,2012-08-30
126,34.0,21,0.0,2012-08-30
127,7.75,6,0.0,2012-08-30
128,38.0,4,0.0,2012-09-02
129,21.0,12,0.0,2012-09-03
130,17.45,30,0.0,2012-09-03
131,36.0,15,0.0,2012-09-03
132,18.0,60,0.0,2012-09-04
133,34.8,20,0.0,2012-09-04
134,19.0,40,0.0,2012-09-05
135,19.0,40,0.25,2012-09-05
136,55.0,30,0.25,2012-09-05
137,49.3,15,0.0,2012-09-05
138,9.2,15,0.0,2012-09-06
139,15.0,20,0.0,2012-09-06
140,17.0,30,0.0,2012-09-09
141,12.5,20,0.0,2012-09-09
142,18.4,10,0.0,2012-09-09
143,38.0,20,0.0,2012-09-09
144,39.0,40,0.0,2012-09-10
145,45.6,28,0.0,2012-09-10
146,46.0,12,0.0,2012-09-10
147,18.4,40,0.1,2012-09-11
148,21.05,30,0.1,2012-09-11
149,12.5,15,0.1,2012-09-11
150,20.0,30,0.0,2012-09-12
151,55.0,10,0.0,2012-09-12
152,21.5,2,0.0,2012-09-12
153,62.5,25,0.1,2012-09-13
154,123.79,25,0.1,2012-09-13
155,18.0,30,0.1,2012-09-13
156,25.89,10,0.0,2012-09-16
157,32.8,10,0.0,2012-09-16
158,7.45,5,0.0,2012-09-16
159,49.3,10,0.0,2012-09-17
160,12.5,3,0.0,2012-09-17
161,36.0,1,0.0,2012-09-18
162,15.0,5,0.0,2012-09-18
163,22.0,20,0.0,2012-09-19
164,25.0,30,0.0,2012-09-19
165,14.0,2,0.0,2012-09-19
166,46.0,20,0.0,2012-09-19
167,21.5,3,0.0,2012-09-19
168,17.45,10,0.0,2012-09-20
169,49.3,5,0.0,2012-09-20
170,14.0,6,0.0,2012-09-20
171,36.0,7,0.0,2012-09-20
172,45.6,4,0.0,2012-09-23
173,46.0,24,0.0,2012-09-23
174,32.8,20,0.0,2012-09-23
175,7.75,10,0.0,2012-09-23
176,19.0,12,0.0,2012-09-24
177,32.0,40,0.1,2012-09-25
178,13.25,30,0.1,2012-09-25
179,49.3,25,0.1,2012-09-25
180,14.0,14,0.0,2012-09-26
181,15.0,30,0.0,2012-09-26
182,9.65,10,0.0,2012-09-27
183,49.3,70,0.0,2012-09-27
184,18.0,20,0.0,2012-09-30
185,9.65,20,0.0,2012-10-01
186,18.0,6,0.0,2012-10-01
187,39.0,8,0.0,2012-10-02
188,45.6,14,0.0,2012-10-02
189,18.0,30,0.0,2012-10-02
190,21.5,30,0.0,2012-10-03
191,18.0,10,0.0,2012-10-03
192,7.0,20,0.0,2012-10-04
193,15.5,5,0.0,2012-10-07
194,14.0,4,0.0,2012-10-07
195,18.0,4,0.0,2012-10-07
196,17.45,21,0.15,2012-10-08
197,18.0,70,0.15,2012-10-08
198,12.0,30,0.0,2012-10-08
199,55.0,40,0.15,2012-10-08
200,43.9,80,0.15,2012-10-08
201,25.0,6,0.0,2012-10-09
202,6.0,12,0.0,2012-10-09
203,23.25,9,0.0,2012-10-09
204,12.5,4,0.0,2012-10-09
205,34.8,40,0.0,2012-10-09
206,22.0,24,0.0,2012-10-10
207,19.5,16,0.0,2012-10-10
208,7.75,50,0.0,2012-10-10
209,19.0,25,0.2,2012-10-11
210,21.0,50,0.2,2012-10-11
211,25.89,35,0.2,2012-10-11
212,13.25,30,0.2,2012-10-11
213,55.0,9,0.0,2012-10-14
214,21.05,40,0.0,2012-10-14
215,12.5,10,0.0,2012-10-14
216,9.2,10,0.05,2012-10-15
217,25.89,8,0.05,2012-10-15
218,263.5,20,0.05,2012-10-15
219,38.0,12,0.05,2012-10-15
220,31.23,50,0.15,2012-10-16
221,34.8,25,0.15,2012-10-16
222,7.45,15,0.0,2012-10-16
223,62.5,40,0.2,2012-10-17
224,14.0,10,0.2,2012-10-17
225,9.5,16,0.2,2012-10-17
226,23.25,10,0.0,2012-10-18
227,10.0,10,0.1,2012-10-18
228,21.5,40,0.1,2012-10-18
229,7.0,8,0.0,2012-10-21
230,12.5,10,0.0,2012-10-21
231,19.0,7,0.2,2012-10-22
232,12.5,25,0.2,2012-10-22
233,32.0,6,0.2,2012-10-22
234,53.0,48,0.2,2012-10-22
235,22.0,18,0.1,2012-10-23
236,9.0,40,0.0,2012-10-24
237,31.23,24,0.0,2012-10-24
238,19.0,20,0.0,2012-10-24
239,26.0,28,0.0,2012-10-24
240,34.8,25,0.0,2012-10-24
241,39.0,20,0.0,2012-10-25
242,25.89,15,0.0,2012-10-25
243,22.0,10,0.0,2012-10-28
244,39.0,70,0.05,2012-10-28
245,49.3,28,0.0,2012-10-28
246,62.5,20,0.05,2012-10-29
247,9.65,12,0.05,2012-10-29
248,46.0,40,0.05,2012-10-29
249,2.5,8,0.0,2012-10-29
250,55.0,9,0.15,2012-10-29
251,19.0,24,0.2,2012-10-30
252,12.5,56,0.2,2012-10-30
253,19.0,40,0.2,2012-10-30
254,24.0,40,0.2,2012-10-30
255,33.25,50,0.0,2012-10-31
256,12.5,4,0.05,2012-10-31
257,18.0,15,0.0,2012-10-31
258,22.0,35,0.0,2012-11-01
259,40.0,70,0.25,2012-11-01
260,40.0,70,0.0,2012-11-04
261,9.2,80,0.0,2012-11-04
262,14.0,9,0.0,2012-11-04
263,39.0,36,0.1,2012-11-05
264,38.0,20,0.0,2012-11-05
265,14.0,10,0.0,2012-11-06
266,18.0,50,0.15,2012-11-06
267,18.4,4,0.0,2012-11-06
268,7.75,6,0.15,2012-11-06
269,18.0,15,0.15,2012-11-07
270,9.0,25,0.0,2012-11-07
271,7.45,24,0.0,2012-11-08
272,16.25,15,0.1,2012-11-11
273,36.0,18,0.1,2012-11-11
274,263.5,20,0.05,2012-11-11
275,9.65,13,0.0,2012-11-11
276,19.45,77,0.05,2012-11-11
277,21.05,10,0.05,2012-11-11
278,4.5,10,0.0,2012-11-12
279,7.45,20,0.15,2012-11-12
280,21.0,12,0.2,2012-11-13
281,263.5,50,0.2,2012-11-13
282,18.0,12,0.0,2012-11-14
283,123.79,4,0.0,2012-11-14
284,4.5,25,0.0,2012-11-15
285,19.5,25,0.0,2012-11-15
286,12.5,30,0.0,2012-11-18
287,24.0,12,0.0,2012-11-18
288,36.0,20,0.0,2012-11-18
289,31.0,30,0.2,2012-11-19
290,31.23,16,0.0,2012-11-19
291,34.0,8,0.2,2012-11-19
292,4.5,10,0.05,2012-11-20
293,14.0,10,0.05,2012-11-20
294,19.0,20,0.05,2012-11-20
295,17.45,56,0.05,2012-11-21
296,12.5,70,0.05,2012-11-21
297,34.0,80,0.05,2012-11-21
298,45.6,30,0.0,2012-11-22
299,123.79,35,0.0,2012-11-22
300,263.5,10,0.0,2012-11-22
301,20.0,35,0.0,2012-11-22
302,7.45,28,0.0,2012-11-22
303,18.0,54,0.1,2012-11-22
304,34.0,55,0.1,2012-11-22
305,14.0,50,0.0,2012-11-25
306,53.0,20,0.0,2012-11-25
307,7.45,24,0.0,2012-11-25
308,12.5,20,0.0,2012-11-26
309,7.75,12,0.0,2012-11-26
310,18.0,12,0.0,2012-11-26
311,36.0,30,0.0,2012-11-26
312,21.5,5,0.0,2012-11-26
313,21.0,24,0.0,2012-11-27
314,21.05,5,0.0,2012-11-28
315,13.0,5,0.0,2012-11-28
316,14.0,36,0.0,2012-11-28
317,7.45,18,0.0,2012-11-28
318,21.05,15,0.0,2012-11-28
319,13.0,7,0.0,2012-11-28
320,10.0,5,0.1,2012-11-29
321,45.6,13,0.1,2012-11-29
322,19.5,25,0.0,2012-11-29
323,33.25,35,0.1,2012-11-29
324,123.79,20,0.0,2012-12-02
325,38.0,18,0.25,2012-12-02
326,18.0,15,0.15,2012-12-03
327,33.25,30,0.0,2012-12-03
328,10.0,20,0.15,2012-12-03
329,19.0,6,0.2,2012-12-03
330,81.0,12,0.25,2012-12-04
331,263.5,40,0.25,2012-12-04
332,34.0,70,0.25,2012-12-04
333,34.8,42,0.25,2012-12-04
334,13.25,80,0.2,2012-12-05
335,21.5,50,0.2,2012-12-05
336,12.5,30,0.0,2012-12-05
337,13.25,15,0.0,2012-12-05
338,23.25,15,0.0,2012-12-06
339,7.45,10,0.0,2012-12-06
340,12.5,42,0.05,2012-12-09
341,45.6,20,0.15,2012-12-09
342,18.0,20,0.15,2012-12-09
343,21.5,6,0.0,2012-12-10
344,9.65,8,0.1,2012-12-11
345,43.9,16,0.1,2012-12-11
346,21.05,20,0.1,2012-12-11
347,25.89,18,0.1,2012-12-12
348,32.8,20,0.1,2012-12-12
349,34.0,6,0.1,2012-12-12
350,15.0,30,0.0,2012-12-12
351,10.0,14,0.0,2012-12-12
352,21.35,32,0.0,2012-12-13
353,62.5,9,0.0,2012-12-13
354,123.79,14,0.0,2012-12-13
355,2.5,60,0.0,2012-12-13
356,10.0,50,0.0,2012-12-13
357,6.0,20,0.0,2012-12-16
358,16.25,15,0.0,2012-12-16
359,38.0,20,0.0,2012-12-16
360,81.0,28,0.0,2012-12-16
361,34.0,15,0.0,2012-12-16
362,30.0,10,0.2,2012-12-17
363,34.0,20,0.2,2012-12-17
364,12.5,8,0.2,2012-12-17
365,4.5,15,0.0,2012-12-18
366,14.0,10,0.0,2012-12-18
367,4.5,15,0.0,2012-12-18
368,45.6,6,0.0,2012-12-18
369,55.0,12,0.0,2012-12-18
370,21.5,15,0.0,2012-12-18
371,9.5,15,0.2,2012-12-19
372,7.0,20,0.2,2012-12-19
373,32.8,40,0.0,2012-12-19
374,31.0,16,0.0,2012-12-20
375,24.0,15,0.0,2012-12-20
376,49.3,20,0.0,2012-12-20
377,15.0,30,0.0,2012-12-20
378,12.5,60,0.1,2012-12-23
379,18.0,40,0.1,2012-12-23
380,12.0,45,0.0,2012-12-23
381,34.8,24,0.1,2012-12-23
382,6.0,18,0.0,2012-12-23
383,36.0,50,0.0,2012-12-24
384,19.0,25,0.25,2012-12-25
385,23.25,42,0.25,2012-12-25
386,14.0,7,0.25,2012-12-25
387,31.23,70,0.25,2012-12-25
388,12.5,32,0.0,2012-12-25
389,6.0,10,0.0,2012-12-25
390,49.3,10,0.0,2012-12-25
391,12.0,28,0.1,2012-12-26
392,32.8,70,0.1,2012-12-26
393,36.0,8,0.0,2012-12-26
394,9.0,40,0.0,2012-12-27
395,21.5,60,0.0,2012-12-27
396,34.8,21,0.0,2012-12-27
397,10.0,10,0.15,2012-12-27
398,53.0,18,0.15,2012-12-27
399,18.0,30,0.0,2012-12-30
400,24.0,120,0.1,2012-12-30
401,12.5,60,0.0,2012-12-31
402,21.5,30,0.0,2012-12-31
403,18.0,35,0.0,2012-12-31
404,13.0,14,0.0,2012-12-31
405,123.79,21,0.0,2013-01-01
406,18.0,35,0.0,2013-01-01
407,20.0,30,0.0,2013-01-01
408,25.89,18,0.0,2013-01-01
409,38.0,70,0.0,2013-01-01
410,21.05,20,0.0,2013-01-01
411,21.5,60,0.0,2013-01-01
412,9.0,60,0.0,2013-01-02
413,43.9,65,0.0,2013-01-02
414,17.45,21,0.15,2013-01-03
415,12.75,70,0.15,2013-01-03
416,31.23,30,0.05,2013-01-03
417,14.0,40,0.05,2013-01-03
418,20.0,30,0.05,2013-01-03
419,10.0,50,0.0,2013-01-06
420,18.0,10,0.0,2013-01-07
421,10.0,30,0.1,2013-01-07
422,45.6,42,0.1,2013-01-07
423,19.0,5,0.1,2013-01-07
424,18.4,2,0.1,2013-01-07
425,21.0,30,0.0,2013-01-07
426,36.0,15,0.0,2013-01-07
427,21.5,15,0.0,2013-01-07
428,26.0,10,0.0,2013-01-08
429,7.45,6,0.0,2013-01-08
430,49.3,35,0.0,2013-01-08
431,23.25,12,0.0,2013-01-09
432,10.0,12,0.0,2013-01-09
433,2.5,49,0.0,2013-01-10
434,55.0,16,0.0,2013-01-10
435,9.65,25,0.2,2013-01-10
436,19.45,40,0.2,2013-01-10
437,55.0,9,0.2,2013-01-10
438,23.25,20,0.1,2013-01-13
439,18.0,24,0.0,2013-01-14
440,49.3,40,0.0,2013-01-14
441,18.0,14,0.0,2013-01-14
442,9.2,18,0.05,2013-01-14
443,2.5,50,0.0,2013-01-14
444,39.0,2,0.0,2013-01-15
445,2.5,20,0.0,2013-01-15
446,9.2,20,0.0,2013-01-16
447,32.8,10,0.0,2013-01-16
448,19.5,20,0.0,2013-01-16
449,263.5,50,0.0,2013-01-16
450,12.0,2,0.25,2013-01-16
451,12.5,36,0.25,2013-01-16
452,13.0,35,0.0,2013-01-16
453,19.0,60,0.0,2013-01-17
454,9.5,55,0.0,2013-01-17
455,28.5,16,0.0,2013-01-17
456,10.0,15,0.0,2013-01-17
457,34.0,60,0.05,2013-01-20
458,36.0,20,0.05,2013-01-20
459,97.0,20,0.1,2013-01-21
460,6.0,2,0.1,2013-01-21
461,15.0,8,0.1,2013-01-21
462,15.0,20,0.1,2013-01-21
463,9.2,4,0.15,2013-01-21
464,31.23,30,0.0,2013-01-21
465,32.8,15,0.15,2013-01-21
466,13.0,10,0.15,2013-01-21
467,31.23,2,0.0,2013-01-22
468,12.5,14,0.0,2013-01-23
469,55.0,20,0.0,2013-01-23
470,18.0,60,0.2,2013-01-23
471,263.5,49,0.2,2013-01-23
472,12.5,30,0.2,2013-01-23
473,24.0,10,0.25,2013-01-24
474,18.0,20,0.25,2013-01-24
475,38.0,5,0.0,2013-01-27
476,33.25,7,0.0,2013-01-27
477,23.25,35,0.0,2013-01-27
478,12.0,20,0.0,2013-01-28
479,16.25,40,0.0,2013-01-29
480,43.9,35,0.25,2013-01-29
481,39.0,45,0.2,2013-01-30
482,10.0,50,0.0,2013-01-30
483,38.0,30,0.0,2013-01-30
484,55.0,70,0.2,2013-01-30
485,39.0,50,0.25,2013-01-30
486,18.4,50,0.25,2013-01-30
487,9.5,30,0.25,2013-01-30
488,31.23,10,0.0,2013-01-31
489,7.45,40,0.0,2013-01-31
490,38.0,28,0.0,2013-02-03
491,21.0,6,0.0,2013-02-03
492,18.0,18,0.15,2013-02-03
493,19.0,10,0.0,2013-02-04
494,21.0,12,0.0,2013-02-04
495,34.8,10,0.0,2013-02-04
496,12.0,5,0.0,2013-02-05
497,38.0,40,0.1,2013-02-05
498,33.25,30,0.1,2013-02-05
499,7.75,24,0.1,2013-02-05
500,32.8,15,0.0,2013-02-05
501,9.2,15,0.2,2013-02-06
502,14.0,20,0.2,2013-02-06
503,19.5,15,0.2,2013-02-06
504,38.0,15,0.0,2013-02-07
505,17.45,16,0.0,2013-02-07
506,33.25,6,0.0,2013-02-07
507,10.0,30,0.0,2013-02-07
508,19.0,45,0.15,2013-02-10
509,17.45,49,0.15,2013-02-10
510,123.79,24,0.15,2013-02-10
511,28.5,90,0.15,2013-02-10
512,43.9,50,0.0,2013-02-10
513,21.0,30,0.0,2013-02-11
514,7.45,80,0.0,2013-02-11
515,17.0,60,0.0,2013-02-11
516,21.0,6,0.2,2013-02-12
517,45.6,12,0.0,2013-02-12
518,39.0,10,0.0,2013-02-12
519,31.23,15,0.0,2013-02-12
520,18.0,8,0.0,2013-02-12
521,9.65,30,0.0,2013-02-12
522,18.0,6,0.0,2013-02-13
523,7.45,15,0.0,2013-02-13
524,9.2,12,0.1,2013-02-14
525,4.5,20,0.1,2013-02-14
526,12.5,3,0.1,2013-02-14
527,7.0,15,0.1,2013-02-14
528,9.2,40,0.0,2013-02-14
529,21.05,35,0.0,2013-02-14
530,21.5,2,0.0,2013-02-14
531,31.23,6,0.0,2013-02-17
532,18.4,20,0.0,2013-02-17
533,31.0,14,0.0,2013-02-18
534,7.0,20,0.0,2013-02-18
535,49.3,35,0.0,2013-02-18
536,31.0,20,0.2,2013-02-19
537,7.45,6,0.2,2013-02-19
538,24.0,120,0.1,2013-02-19
539,33.25,35,0.1,2013-02-19
540,21.05,28,0.1,2013-02-19
541,13.0,55,0.1,2013-02-19
542,45.6,15,0.0,2013-02-20
543,19.45,100,0.05,2013-02-20
544,12.75,15,0.1,2013-02-21
545,15.0,25,0.1,2013-02-21
546,17.45,20,0.2,2013-02-21
547,2.5,20,0.2,2013-02-21
548,12.0,10,0.2,2013-02-21
549,18.0,20,0.0,2013-02-24
550,32.8,50,0.0,2013-02-24
551,28.5,25,0.0,2013-02-24
552,21.5,30,0.0,2013-02-24
553,10.0,40,0.15,2013-02-25
554,20.0,21,0.15,2013-02-25
555,55.0,36,0.0,2013-02-25
556,31.23,30,0.0,2013-02-26
557,45.6,30,0.0,2013-02-26
558,46.0,20,0.0,2013-02-26
559,38.0,15,0.0,2013-02-26
560,21.5,50,0.0,2013-02-26
561,30.0,16,0.05,2013-02-27
562,12.0,20,0.05,2013-02-27
563,34.8,40,0.0,2013-02-27
564,12.5,21,0.25,2013-02-28
565,7.75,4,0.25,2013-02-28
566,10.0,40,0.25,2013-02-28
567,25.89,28,0.25,2013-02-28
568,24.0,60,0.25,2013-02-28
569,6.0,1,0.0,2013-03-03
570,9.0,21,0.0,2013-03-03
571,9.2,21,0.0,2013-03-04
572,14.0,50,0.0,2013-03-04
573,22.0,16,0.2,2013-03-04
574,46.0,3,0.0,2013-03-04
575,38.0,30,0.2,2013-03-04
576,34.0,20,0.0,2013-03-04
577,4.5,25,0.0,2013-03-05
578,123.79,18,0.1,2013-03-05
579,18.4,20,0.0,2013-03-05
580,9.5,30,0.1,2013-03-05
581,16.25,25,0.0,2013-03-05
582,21.0,10,0.0,2013-03-06
583,12.0,5,0.0,2013-03-06
584,4.5,28,0.0,2013-03-06
585,14.0,12,0.0,2013-03-06
586,25.89,8,0.0,2013-03-07
587,46.0,15,0.0,2013-03-07
588,19.0,40,0.15,2013-03-10
589,17.45,35,0.15,2013-03-10
590,19.45,2,0.15,2013-03-10
591,62.5,30,0.0,2013-03-11
592,9.0,15,0.0,2013-03-11
593,33.25,8,0.0,2013-03-11
594,30.0,30,0.0,2013-03-11
595,38.0,20,0.0,2013-03-11
596,4.5,80,0.05,2013-03-12
597,53.0,18,0.0,2013-03-12
598,2.5,12,0.0,2013-03-13
599,21.5,12,0.0,2013-03-13
600,23.25,12,0.0,2013-03-13
601,45.6,18,0.0,2013-03-13
602,18.4,21,0.0,2013-03-13
603,7.75,10,0.0,2013-03-13
604,12.5,35,0.15,2013-03-14
605,17.0,60,0.15,2013-03-14
606,18.0,42,0.15,2013-03-14
607,24.0,2,0.05,2013-03-17
608,15.0,12,0.0,2013-03-17
609,18.0,15,0.0,2013-03-17
610,10.0,21,0.25,2013-03-17
611,18.0,20,0.25,2013-03-17
612,31.0,20,0.05,2013-03-18
613,263.5,30,0.0,2013-03-19
614,32.8,28,0.0,2013-03-19
615,55.0,60,0.0,2013-03-19
616,33.25,30,0.0,2013-03-19
617,9.5,30,0.0,2013-03-20
618,55.0,12,0.0,2013-03-20
619,20.0,24,0.0,2013-03-20
620,34.0,40,0.0,2013-03-20
621,18.4,10,0.0,2013-03-21
622,14.0,35,0.05,2013-03-24
623,13.0,30,0.05,2013-03-24
624,10.0,14,0.0,2013-03-24
625,18.4,10,0.0,2013-03-24
626,53.0,3,0.0,2013-03-24
627,19.0,20,0.1,2013-03-25
628,10.0,20,0.1,2013-03-25
629,24.0,30,0.1,2013-03-25
630,15.0,60,0.1,2013-03-25
631,21.0,5,0.0,2013-03-26
632,53.0,25,0.0,2013-03-26
633,10.0,16,0.0,2013-03-26
634,9.2,5,0.0,2013-03-26
635,31.23,30,0.0,2013-03-26
636,7.45,24,0.25,2013-03-26
637,55.0,30,0.0,2013-03-27
638,15.0,20,0.2,2013-03-27
639,21.0,15,0.25,2013-03-28
640,17.45,18,0.0,2013-03-28
641,55.0,60,0.0,2013-03-31
642,12.5,30,0.0,2013-03-31
643,7.75,36,0.0,2013-03-31
644,19.45,15,0.15,2013-03-31
645,13.0,7,0.15,2013-03-31
646,14.0,60,0.05,2013-04-01
647,14.0,20,0.05,2013-04-01
648,21.05,15,0.1,2013-04-02
649,17.0,10,0.1,2013-04-02
650,36.0,10,0.1,2013-04-02
651,38.0,30,0.0,2013-04-02
652,9.0,10,0.0,2013-04-03
653,9.65,20,0.0,2013-04-03
654,13.0,5,0.0,2013-04-03
655,12.5,20,0.05,2013-04-04
656,38.0,14,0.0,2013-04-04
657,34.8,25,0.0,2013-04-04
658,13.0,25,0.0,2013-04-04
659,4.5,14,0.0,2013-04-07
660,18.4,5,0.0,2013-04-07
661,14.0,30,0.0,2013-04-07
662,45.6,20,0.0,2013-04-08
663,20.0,25,0.0,2013-04-08
664,15.5,12,0.05,2013-04-09
665,45.6,8,0.05,2013-04-09
666,7.45,20,0.0,2013-04-09
667,9.5,21,0.0,2013-04-10
668,32.8,6,0.0,2013-04-10
669,14.0,30,0.0,2013-04-10
670,23.25,70,0.0,2013-04-11
671,21.05,20,0.0,2013-04-11
672,19.0,12,0.0,2013-04-11
673,10.0,12,0.0,2013-04-11
674,32.8,10,0.0,2013-04-11
675,28.5,25,0.0,2013-04-11
676,49.3,3,0.0,2013-04-14
677,14.0,18,0.1,2013-04-15
678,15.0,14,0.1,2013-04-15
679,46.0,15,0.15,2013-04-15
680,12.75,15,0.15,2013-04-15
681,6.0,10,0.0,2013-04-16
682,18.0,10,0.0,2013-04-16
683,45.6,3,0.0,2013-04-17
684,123.79,36,0.0,2013-04-18
685,7.75,36,0.1,2013-04-18
686,22.0,50,0.15,2013-04-18
687,30.0,50,0.15,2013-04-18
688,40.0,10,0.15,2013-04-18
689,4.5,10,0.15,2013-04-21
690,12.0,9,0.15,2013-04-21
691,9.5,6,0.15,2013-04-21
692,34.0,12,0.15,2013-04-21
693,10.0,40,0.2,2013-04-22
694,32.0,50,0.2,2013-04-22
695,28.5,15,0.2,2013-04-22
696,81.0,39,0.0,2013-04-22
697,45.6,35,0.0,2013-04-22
698,38.0,70,0.0,2013-04-22
699,21.05,39,0.0,2013-04-22
700,7.75,50,0.0,2013-04-22
701,97.0,16,0.15,2013-04-23
702,17.45,50,0.0,2013-04-23
703,43.9,120,0.0,2013-04-23
704,2.5,16,0.15,2013-04-23
705,34.0,84,0.15,2013-04-23
706,62.5,25,0.1,2013-04-24
707,9.65,80,0.1,2013-04-24
708,14.0,20,0.0,2013-04-24
709,7.0,6,0.0,2013-04-24
710,55.0,4,0.0,2013-04-24
711,15.0,6,0.0,2013-04-24
712,4.5,5,0.0,2013-04-25
713,263.5,15,0.0,2013-04-25
714,19.45,9,0.0,2013-04-25
715,31.0,16,0.05,2013-04-28
716,38.0,40,0.0,2013-04-28
717,34.0,10,0.05,2013-04-28
718,4.5,8,0.0,2013-04-29
719,32.8,5,0.0,2013-04-29
720,18.0,3,0.0,2013-04-29
721,9.65,10,0.0,2013-04-29
722,12.5,6,0.0,2013-04-29
723,18.0,40,0.2,2013-04-30
724,40.0,24,0.0,2013-04-30
725,25.89,20,0.2,2013-04-30
726,18.4,25,0.2,2013-04-30
727,39.0,25,0.1,2013-05-01
728,81.0,15,0.1,2013-05-01
729,26.0,18,0.1,2013-05-01
730,9.65,6,0.1,2013-05-01
731,31.0,2,0.0,2013-05-01
732,25.89,10,0.0,2013-05-01
733,46.0,60,0.0,2013-05-01
734,7.45,15,0.0,2013-05-01
735,19.0,30,0.0,2013-05-02
736,18.4,15,0.1,2013-05-02
737,18.0,8,0.15,2013-05-05
738,6.0,10,0.0,2013-05-05
739,38.0,30,0.15,2013-05-05
740,22.0,50,0.1,2013-05-05
741,19.0,30,0.1,2013-05-05
742,21.0,3,0.0,2013-05-06
743,2.5,8,0.2,2013-05-06
744,34.8,9,0.0,2013-05-06
745,24.0,14,0.0,2013-05-07
746,12.5,20,0.0,2013-05-07
747,36.0,10,0.0,2013-05-07
748,39.0,40,0.0,2013-05-08
749,46.0,25,0.0,2013-05-08
750,28.5,20,0.0,2013-05-08
751,18.0,50,0.0,2013-05-08
752,55.0,2,0.0,2013-05-08
753,25.89,15,0.0,2013-05-09
754,17.0,24,0.0,2013-05-09
755,22.0,50,0.05,2013-05-12
756,34.8,24,0.0,2013-05-12
757,15.0,24,0.05,2013-05-12
758,25.89,10,0.0,2013-05-12
759,18.4,10,0.2,2013-05-12
760,7.45,10,0.2,2013-05-12
761,21.0,50,0.1,2013-05-13
762,18.4,10,0.1,2013-05-13
763,19.5,5,0.1,2013-05-13
764,55.0,15,0.1,2013-05-13
765,38.0,15,0.25,2013-05-14
766,12.5,20,0.0,2013-05-14
767,2.5,30,0.0,2013-05-14
768,34.0,35,0.25,2013-05-14
769,12.5,30,0.0,2013-05-14
770,53.0,6,0.0,2013-05-14
771,13.25,20,0.0,2013-05-14
772,34.8,21,0.0,2013-05-14
773,15.0,9,0.0,2013-05-14
774,15.0,7,0.0,2013-05-15
775,34.8,1,0.0,2013-05-15
776,6.0,8,0.0,2013-05-16
777,10.0,15,0.0,2013-05-16
778,2.5,15,0.0,2013-05-16
779,20.0,6,0.0,2013-05-16
780,10.0,60,0.0,2013-05-19
781,31.23,40,0.0,2013-05-19
782,263.5,30,0.0,2013-05-19
783,12.5,35,0.0,2013-05-19
784,4.5,35,0.1,2013-05-19
785,263.5,4,0.1,2013-05-19
786,21.05,36,0.1,2013-05-19
787,21.5,9,0.1,2013-05-19
788,21.0,15,0.05,2013-05-20
789,7.45,24,0.05,2013-05-20
790,38.0,30,0.15,2013-05-21
791,9.0,70,0.15,2013-05-21
792,45.6,7,0.0,2013-05-21
793,14.0,7,0.0,2013-05-21
794,21.0,10,0.0,2013-05-22
795,30.0,10,0.0,2013-05-23
796,18.0,30,0.0,2013-05-23
797,49.3,40,0.0,2013-05-23
798,32.0,24,0.15,2013-05-23
799,19.0,60,0.0,2013-05-23
800,14.0,10,0.25,2013-05-26
801,9.65,14,0.0,2013-05-26
802,12.5,55,0.15,2013-05-27
803,9.5,100,0.15,2013-05-27
804,53.0,48,0.15,2013-05-27
805,39.0,8,0.1,2013-05-28
806,9.2,10,0.0,2013-05-28
807,10.0,6,0.1,2013-05-28
808,28.5,10,0.1,2013-05-28
809,17.45,40,0.15,2013-05-28
810,18.0,20,0.15,2013-05-28
811,19.45,40,0.0,2013-05-28
812,36.0,18,0.0,2013-05-29
813,7.75,30,0.0,2013-05-29
814,21.0,15,0.0,2013-05-30
815,17.45,14,0.0,2013-05-30
816,21.0,24,0.0,2013-05-30
817,12.5,30,0.0,2013-05-30
818,18.0,6,0.0,2013-05-30
819,17.45,30,0.05,2013-05-30
820,9.0,20,0.05,2013-05-30
821,49.3,20,0.05,2013-05-30
822,13.0,10,0.05,2013-05-30
823,23.25,30,0.2,2013-06-02
824,9.2,35,0.2,2013-06-02
825,4.5,18,0.2,2013-06-02
826,53.0,20,0.2,2013-06-02
827,38.0,40,0.2,2013-06-02
828,34.8,24,0.0,2013-06-03
829,33.25,30,0.0,2013-06-03
830,7.75,20,0.0,2013-06-03
831,9.5,25,0.0,2013-06-04
832,53.0,20,0.0,2013-06-04
833,7.0,30,0.0,2013-06-04
834,32.8,18,0.0,2013-06-04
835,15.0,3,0.0,2013-06-04
836,9.65,12,0.05,2013-06-05
837,24.0,18,0.05,2013-06-05
838,25.89,20,0.0,2013-06-06
839,49.3,15,0.25,2013-06-06
840,19.45,10,0.0,2013-06-06
841,53.0,50,0.0,2013-06-06
842,2.5,20,0.1,2013-06-09
843,49.3,10,0.1,2013-06-09
844,19.0,25,0.0,2013-06-10
845,7.0,70,0.0,2013-06-10
846,39.0,16,0.05,2013-06-10
847,12.5,6,0.05,2013-06-10
848,24.0,25,0.05,2013-06-10
849,4.5,25,0.1,2013-06-11
850,33.25,18,0.1,2013-06-11
851,21.0,35,0.15,2013-06-12
852,62.5,18,0.15,2013-06-12
853,18.0,10,0.0,2013-06-12
854,12.5,60,0.2,2013-06-12
855,53.0,3,0.0,2013-06-12
856,55.0,40,0.2,2013-06-12
857,31.0,5,0.0,2013-06-13
858,12.5,35,0.2,2013-06-16
859,18.0,30,0.0,2013-06-16
860,21.0,15,0.05,2013-06-17
861,38.0,60,0.05,2013-06-17
862,23.25,11,0.15,2013-06-17
863,14.0,28,0.15,2013-06-17
864,17.45,12,0.1,2013-06-18
865,32.0,10,0.1,2013-06-18
866,18.4,50,0.0,2013-06-18
867,7.75,15,0.1,2013-06-18
868,39.0,18,0.0,2013-06-19
869,14.0,40,0.0,2013-06-19
870,32.8,25,0.0,2013-06-19
871,2.5,14,0.0,2013-06-19
872,18.4,2,0.0,2013-06-19
873,49.3,10,0.0,2013-06-19
874,33.25,6,0.0,2013-06-19
875,55.0,12,0.0,2013-06-20
876,43.9,6,0.0,2013-06-20
877,34.8,30,0.0,2013-06-20
878,18.0,10,0.0,2013-06-20
879,18.0,10,0.0,2013-06-23
880,12.5,20,0.0,2013-06-23
881,19.45,21,0.0,2013-06-23
882,18.0,10,0.0,2013-06-23
883,7.75,20,0.0,2013-06-23
884,13.0,18,0.0,2013-06-23
885,18.0,20,0.0,2013-06-24
886,19.5,6,0.0,2013-06-24
887,15.5,10,0.0,2013-06-25
888,7.75,21,0.0,2013-06-25
889,23.25,15,0.05,2013-06-26
890,9.65,9,0.05,2013-06-26
891,21.05,30,0.05,2013-06-26
892,7.75,50,0.2,2013-06-26
893,19.5,4,0.0,2013-06-27
894,18.0,14,0.0,2013-06-27
895,123.79,10,0.0,2013-06-30
896,34.0,24,0.15,2013-06-30
897,36.0,10,0.15,2013-06-30
898,12.5,50,0.05,2013-06-30
899,9.5,15,0.0,2013-07-01
900,7.0,4,0.15,2013-07-02
901,31.23,6,0.0,2013-07-02
902,18.0,20,0.0,2013-07-02
903,13.0,20,0.0,2013-07-02
904,62.5,40,0.2,2013-07-03
905,14.0,100,0.2,2013-07-03
906,18.0,4,0.0,2013-07-04
907,18.0,20,0.0,2013-07-07
908,13.0,60,0.05,2013-07-07
909,10.0,14,0.0,2013-07-07
910,30.0,10,0.0,2013-07-07
911,7.45,50,0.0,2013-07-07
912,15.5,25,0.05,2013-07-08
913,31.23,5,0.05,2013-07-08
914,81.0,21,0.2,2013-07-09
915,36.0,20,0.2,2013-07-09
916,18.0,4,0.2,2013-07-09
917,7.0,24,0.0,2013-07-09
918,13.25,30,0.0,2013-07-09
919,18.0,30,0.25,2013-07-10
920,28.5,120,0.25,2013-07-10
921,36.0,65,0.25,2013-07-10
922,38.0,5,0.2,2013-07-11
923,43.9,24,0.2,2013-07-11
924,7.75,30,0.2,2013-07-11
925,4.5,35,0.2,2013-07-11
926,19.5,20,0.0,2013-07-11
927,21.05,12,0.2,2013-07-11
928,43.9,50,0.0,2013-07-14
929,21.5,9,0.0,2013-07-14
930,49.3,10,0.0,2013-07-15
931,7.45,4,0.0,2013-07-16
932,15.0,30,0.0,2013-07-16
933,6.0,60,0.0,2013-07-16
934,55.0,35,0.0,2013-07-16
935,13.0,5,0.25,2013-07-17
936,21.0,48,0.0,2013-07-18
937,20.0,25,0.05,2013-07-18
938,12.75,6,0.1,2013-07-18
939,18.0,10,0.1,2013-07-18
940,17.45,30,0.05,2013-07-21
941,55.0,20,0.05,2013-07-21
942,34.0,70,0.05,2013-07-21
943,21.5,15,0.05,2013-07-21
944,22.0,20,0.2,2013-07-22
945,24.0,20,0.2,2013-07-22
946,49.3,10,0.2,2013-07-22
947,30.0,45,0.0,2013-07-22
948,39.0,100,0.0,2013-07-22
949,2.5,14,0.0,2013-07-22
950,18.4,42,0.0,2013-07-22
951,34.8,12,0.0,2013-07-22
952,38.0,28,0.0,2013-07-23
953,18.0,3,0.0,2013-07-24
954,31.0,10,0.0,2013-07-24
955,10.0,6,0.0,2013-07-24
956,19.0,21,0.25,2013-07-25
957,18.0,6,0.0,2013-07-25
958,19.0,10,0.0,2013-07-25
959,34.0,15,0.0,2013-07-25
960,31.0,70,0.0,2013-07-28
961,19.0,55,0.0,2013-07-28
962,20.0,18,0.0,2013-07-28
963,34.0,40,0.0,2013-07-28
964,18.0,80,0.0,2013-07-28
965,6.0,8,0.1,2013-07-29
966,7.75,40,0.0,2013-07-29
967,21.0,14,0.0,2013-07-29
968,10.0,8,0.0,2013-07-29
969,18.0,5,0.0,2013-07-29
970,24.0,5,0.0,2013-07-30
971,263.5,15,0.05,2013-07-31
972,38.0,14,0.0,2013-07-31
973,15.0,15,0.05,2013-07-31
974,21.5,15,0.05,2013-07-31
975,55.0,30,0.15,2013-07-31
976,25.0,70,0.0,2013-08-01
977,38.0,20,0.0,2013-08-01
978,12.5,15,0.0,2013-08-01
979,10.0,42,0.0,2013-08-04
980,21.0,40,0.0,2013-08-04
981,4.5,5,0.0,2013-08-05
982,7.0,5,0.0,2013-08-05
983,9.2,5,0.0,2013-08-05
984,9.0,10,0.0,2013-08-05
985,15.0,20,0.0,2013-08-05
986,21.5,15,0.0,2013-08-05
987,19.0,20,0.0,2013-08-06
988,12.5,18,0.2,2013-08-06
989,23.25,21,0.0,2013-08-07
990,9.2,15,0.1,2013-08-07
991,10.0,25,0.1,2013-08-07
992,4.5,3,0.0,2013-08-07
993,18.0,30,0.1,2013-08-07
994,45.6,10,0.0,2013-08-07
995,123.79,6,0.0,2013-08-07
996,19.45,10,0.0,2013-08-07
997,23.25,3,0.0,2013-08-08
998,14.0,5,0.0,2013-08-08
999,34.0,10,0.0,2013-08-08
1000,32.8,12,0.0,2013-08-11
1001,34.0,20,0.0,2013-08-11
1002,21.5,20,0.0,2013-08-11
1003,49.3,15,0.0,2013-08-11
1004,15.0,35,0.15,2013-08-11
1005,18.0,25,0.0,2013-08-12
1006,123.79,20,0.0,2013-08-12
1007,33.25,9,0.0,2013-08-12
1008,24.0,12,0.05,2013-08-13
1009,18.0,35,0.0,2013-08-13
1010,7.75,8,0.1,2013-08-14
1011,19.0,30,0.05,2013-08-14
1012,2.5,20,0.05,2013-08-14
1013,38.0,36,0.15,2013-08-15
1014,6.0,13,0.15,2013-08-15
1015,31.23,35,0.15,2013-08-15
1016,49.3,80,0.15,2013-08-15
1017,30.0,35,0.0,2013-08-15
1018,62.5,50,0.0,2013-08-15
1019,53.0,15,0.0,2013-08-15
1020,7.75,2,0.0,2013-08-15
1021,22.0,10,0.1,2013-08-18
1022,21.35,15,0.1,2013-08-18
1023,21.0,40,0.0,2013-08-18
1024,22.0,25,0.0,2013-08-19
1025,13.25,6,0.0,2013-08-19
1026,21.0,10,0.0,2013-08-19
1027,16.25,25,0.05,2013-08-19
1028,38.0,60,0.05,2013-08-19
1029,9.5,20,0.0,2013-08-20
1030,21.05,21,0.0,2013-08-20
1031,34.8,60,0.0,2013-08-20
1032,62.5,8,0.0,2013-08-20
1033,36.0,20,0.25,2013-08-21
1034,15.0,15,0.25,2013-08-21
1035,19.0,50,0.0,2013-08-22
1036,18.4,60,0.0,2013-08-22
1037,10.0,30,0.2,2013-08-22
1038,28.5,20,0.2,2013-08-22
1039,45.6,15,0.25,2013-08-25
1040,18.0,21,0.25,2013-08-25
1041,12.0,2,0.25,2013-08-25
1042,62.5,4,0.1,2013-08-25
1043,46.0,20,0.0,2013-08-25
1044,12.0,21,0.1,2013-08-25
1045,62.5,20,0.0,2013-08-26
1046,19.0,15,0.0,2013-08-26
1047,18.0,15,0.25,2013-08-27
1048,31.0,18,0.25,2013-08-27
1049,21.5,30,0.25,2013-08-27
1050,13.0,35,0.25,2013-08-27
1051,9.2,30,0.0,2013-08-27
1052,18.0,20,0.0,2013-08-27
1053,21.0,15,0.0,2013-08-28
1054,4.5,15,0.15,2013-08-28
1055,45.6,20,0.0,2013-08-28
1056,34.8,15,0.0,2013-08-28
1057,25.89,30,0.0,2013-08-29
1058,32.8,25,0.05,2013-08-29
1059,7.45,30,0.0,2013-08-29
1060,9.2,12,0.25,2013-09-01
1061,21.0,20,0.25,2013-09-01
1062,25.89,2,0.25,2013-09-01
1063,14.0,20,0.0,2013-09-01
1064,17.45,30,0.1,2013-09-02
1065,34.0,20,0.1,2013-09-02
1066,22.0,12,0.1,2013-09-02
1067,18.0,20,0.1,2013-09-02
1068,7.45,6,0.1,2013-09-02
1069,9.65,20,0.2,2013-09-03
1070,23.25,3,0.1,2013-09-04
1071,19.45,28,0.1,2013-09-04
1072,9.5,6,0.1,2013-09-04
1073,15.5,50,0.0,2013-09-04
1074,9.65,24,0.0,2013-09-04
1075,12.0,45,0.0,2013-09-04
1076,9.5,10,0.0,2013-09-04
1077,38.0,45,0.0,2013-09-04
1078,34.0,30,0.0,2013-09-04
1079,10.0,60,0.0,2013-09-05
1080,18.4,70,0.05,2013-09-05
1081,34.0,55,0.05,2013-09-05
1082,13.0,70,0.05,2013-09-05
1083,12.5,20,0.05,2013-09-05
1084,18.4,24,0.05,2013-09-05
1085,15.0,40,0.05,2013-09-05
1086,81.0,21,0.0,2013-09-08
1087,18.0,3,0.2,2013-09-09
1088,13.25,49,0.2,2013-09-09
1089,12.5,10,0.0,2013-09-09
1090,18.4,30,0.05,2013-09-10
1091,14.0,30,0.05,2013-09-10
1092,53.0,20,0.05,2013-09-10
1093,31.0,24,0.15,2013-09-10
1094,38.0,12,0.15,2013-09-10
1095,21.05,15,0.15,2013-09-10
1096,53.0,20,0.0,2013-09-11
1097,55.0,1,0.0,2013-09-11
1098,18.0,10,0.0,2013-09-11
1099,123.79,36,0.0,2013-09-12
1100,21.05,10,0.0,2013-09-12
1101,36.0,45,0.2,2013-09-12
1102,21.5,14,0.2,2013-09-12
1103,12.5,8,0.1,2013-09-15
1104,24.0,4,0.1,2013-09-15
1105,33.25,15,0.1,2013-09-15
1106,19.0,30,0.0,2013-09-15
1107,9.0,32,0.0,2013-09-16
1108,12.0,60,0.0,2013-09-16
1109,14.0,25,0.0,2013-09-16
1110,15.0,50,0.0,2013-09-16
1111,7.75,25,0.0,2013-09-16
1112,17.45,10,0.0,2013-09-17
1113,49.3,10,0.0,2013-09-17
1114,21.05,12,0.0,2013-09-17
1115,263.5,15,0.1,2013-09-17
1116,21.5,12,0.0,2013-09-17
1117,17.45,3,0.0,2013-09-18
1118,14.0,6,0.0,2013-09-18
1119,46.0,6,0.0,2013-09-18
1120,9.0,5,0.0,2013-09-18
1121,23.25,30,0.0,2013-09-19
1122,32.8,10,0.0,2013-09-19
1123,13.25,30,0.0,2013-09-19
1124,31.0,2,0.0,2013-09-22
1125,9.2,7,0.0,2013-09-22
1126,19.45,21,0.0,2013-09-22
1127,31.23,30,0.15,2013-09-22
1128,2.5,8,0.15,2013-09-22
1129,38.0,100,0.0,2013-09-23
1130,2.5,30,0.0,2013-09-23
1131,9.65,120,0.0,2013-09-23
1132,7.45,30,0.0,2013-09-23
1133,55.0,12,0.0,2013-09-23
1134,17.45,50,0.25,2013-09-24
1135,12.5,20,0.25,2013-09-24
1136,14.0,40,0.25,2013-09-24
1137,9.2,30,0.1,2013-09-25
1138,10.0,12,0.1,2013-09-25
1139,33.25,28,0.0,2013-09-25
1140,2.5,30,0.0,2013-09-25
1141,17.0,4,0.0,2013-09-25
1142,7.75,30,0.0,2013-09-25
1143,7.0,9,0.0,2013-09-26
1144,18.4,20,0.0,2013-09-26
1145,9.5,40,0.0,2013-09-26
1146,34.0,30,0.0,2013-09-26
1147,31.0,20,0.0,2013-09-29
1148,9.65,4,0.0,2013-09-29
1149,9.5,15,0.0,2013-09-29
1150,39.0,30,0.2,2013-09-30
1151,31.23,15,0.0,2013-09-30
1152,97.0,50,0.25,2013-09-30
1153,123.79,10,0.0,2013-09-30
1154,19.0,6,0.25,2013-09-30
1155,31.0,18,0.1,2013-10-01
1156,45.6,60,0.1,2013-10-01
1157,14.0,14,0.0,2013-10-01
1158,18.0,35,0.25,2013-10-01
1159,38.0,20,0.25,2013-10-02
1160,13.0,30,0.25,2013-10-02
1161,18.0,30,0.0,2013-10-03
1162,123.79,40,0.0,2013-10-03
1163,46.0,40,0.0,2013-10-03
1164,19.45,24,0.0,2013-10-03
1165,49.3,48,0.0,2013-10-03
1166,43.9,20,0.0,2013-10-03
1167,97.0,6,0.0,2013-10-06
1168,7.45,60,0.15,2013-10-06
1169,36.0,30,0.15,2013-10-06
1170,15.0,15,0.15,2013-10-06
1171,30.0,90,0.0,2013-10-06
1172,55.0,25,0.0,2013-10-06
1173,15.0,50,0.0,2013-10-06
1174,40.0,10,0.0,2013-10-07
1175,38.0,4,0.0,2013-10-07
1176,4.5,20,0.0,2013-10-07
1177,39.0,20,0.0,2013-10-08
1178,12.0,18,0.0,2013-10-08
1179,9.2,7,0.25,2013-10-08
1180,18.0,9,0.25,2013-10-08
1181,13.25,30,0.25,2013-10-08
1182,15.0,30,0.25,2013-10-08
1183,21.0,15,0.0,2013-10-09
1184,39.0,8,0.05,2013-10-09
1185,123.79,12,0.05,2013-10-09
1186,21.05,65,0.05,2013-10-09
1187,15.0,8,0.05,2013-10-09
1188,9.5,12,0.0,2013-10-09
1189,18.0,5,0.2,2013-10-10
1190,14.0,12,0.2,2013-10-10
1191,12.5,40,0.2,2013-10-10
1192,21.5,60,0.2,2013-10-10
1193,55.0,42,0.15,2013-10-13
1194,21.5,20,0.15,2013-10-13
1195,18.0,35,0.15,2013-10-13
1196,10.0,6,0.0,2013-10-13
1197,18.0,15,0.0,2013-10-13
1198,19.0,5,0.0,2013-10-14
1199,55.0,35,0.0,2013-10-14
1200,15.0,35,0.0,2013-10-14
1201,22.0,6,0.0,2013-10-14
1202,4.5,35,0.0,2013-10-14
1203,12.75,24,0.0,2013-10-14
1204,12.5,20,0.0,2013-10-15
1205,32.0,4,0.0,2013-10-15
1206,17.45,20,0.0,2013-10-16
1207,46.0,24,0.0,2013-10-16
1208,55.0,8,0.0,2013-10-16
1209,24.0,21,0.0,2013-10-16
1210,19.5,40,0.0,2013-10-16
1211,15.0,28,0.15,2013-10-16
1212,21.35,4,0.0,2013-10-17
1213,19.0,5,0.0,2013-10-17
1214,40.0,40,0.0,2013-10-17
1215,53.0,28,0.0,2013-10-17
1216,34.0,10,0.0,2013-10-17
1217,9.2,5,0.0,2013-10-20
1218,9.5,5,0.0,2013-10-20
1219,9.2,12,0.0,2013-10-21
1220,9.65,42,0.0,2013-10-21
1221,32.8,120,0.0,2013-10-21
1222,32.8,3,0.05,2013-10-21
1223,38.0,30,0.0,2013-10-21
1224,31.0,18,0.0,2013-10-22
1225,31.23,30,0.0,2013-10-22
1226,9.5,110,0.0,2013-10-22
1227,12.0,24,0.0,2013-10-22
1228,19.0,30,0.25,2013-10-22
1229,39.0,27,0.25,2013-10-22
1230,9.5,50,0.25,2013-10-22
1231,38.0,18,0.25,2013-10-22
1232,13.25,12,0.25,2013-10-22
1233,31.0,21,0.0,2013-10-23
1234,21.5,30,0.0,2013-10-23
1235,10.0,5,0.0,2013-10-24
1236,53.0,7,0.0,2013-10-24
1237,28.5,10,0.0,2013-10-24
1238,10.0,32,0.05,2013-10-24
1239,7.45,15,0.0,2013-10-24
1240,36.0,25,0.05,2013-10-24
1241,38.0,36,0.0,2013-10-27
1242,17.45,20,0.0,2013-10-27
1243,19.0,40,0.0,2013-10-27
1244,49.3,20,0.0,2013-10-27
1245,62.5,12,0.25,2013-10-27
1246,25.89,3,0.25,2013-10-27
1247,7.45,40,0.25,2013-10-27
1248,18.0,21,0.0,2013-10-28
1249,21.5,8,0.0,2013-10-28
1250,19.45,50,0.05,2013-10-29
1251,19.0,3,0.0,2013-10-29
1252,12.5,50,0.0,2013-10-29
1253,12.5,45,0.0,2013-10-29
1254,7.75,42,0.0,2013-10-29
1255,31.23,15,0.0,2013-10-30
1256,31.0,16,0.0,2013-10-30
1257,28.5,5,0.0,2013-10-30
1258,9.65,12,0.0,2013-10-31
1259,7.0,4,0.0,2013-10-31
1260,24.0,6,0.0,2013-10-31
1261,22.0,25,0.0,2013-11-03
1262,21.0,5,0.0,2013-11-03
1263,39.0,20,0.05,2013-11-03
1264,38.0,10,0.05,2013-11-03
1265,55.0,10,0.05,2013-11-03
1266,25.89,15,0.0,2013-11-04
1267,18.4,6,0.0,2013-11-04
1268,24.0,12,0.0,2013-11-04
1269,34.0,15,0.0,2013-11-04
1270,18.0,50,0.0,2013-11-04
1271,10.0,30,0.0,2013-11-04
1272,16.25,40,0.0,2013-11-04
1273,17.45,15,0.05,2013-11-05
1274,12.5,3,0.05,2013-11-05
1275,21.05,10,0.05,2013-11-05
1276,10.0,40,0.05,2013-11-06
1277,53.0,30,0.05,2013-11-06
1278,18.0,20,0.0,2013-11-06
1279,23.25,16,0.0,2013-11-07
1280,45.6,20,0.0,2013-11-07
1281,7.0,25,0.0,2013-11-07
1282,25.0,30,0.0,2013-11-07
1283,25.89,15,0.0,2013-11-07
1284,18.0,20,0.0,2013-11-07
1285,28.5,20,0.1,2013-11-10
1286,13.0,2,0.1,2013-11-10
1287,21.05,40,0.0,2013-11-11
1288,7.75,20,0.0,2013-11-11
1289,6.0,4,0.0,2013-11-11
1290,9.65,12,0.0,2013-11-11
1291,17.45,3,0.0,2013-11-12
1292,19.0,6,0.0,2013-11-12
1293,7.0,18,0.0,2013-11-12
1294,45.6,5,0.2,2013-11-13
1295,18.0,35,0.2,2013-11-13
1296,9.5,40,0.2,2013-11-13
1297,38.0,14,0.2,2013-11-13
1298,19.0,15,0.2,2013-11-14
1299,10.0,20,0.0,2013-11-14
1300,34.0,50,0.0,2013-11-14
1301,34.8,35,0.0,2013-11-14
1302,12.0,28,0.05,2013-11-17
1303,18.4,50,0.2,2013-11-17
1304,62.5,24,0.0,2013-11-18
1305,19.45,16,0.0,2013-11-18
1306,55.0,45,0.0,2013-11-18
1307,34.8,7,0.0,2013-11-18
1308,6.0,6,0.0,2013-11-19
1309,14.0,28,0.0,2013-11-19
1310,49.3,9,0.0,2013-11-19
1311,36.0,40,0.0,2013-11-19
1312,12.5,8,0.0,2013-11-19
1313,9.65,35,0.0,2013-11-19
1314,43.9,9,0.0,2013-11-19
1315,36.0,30,0.0,2013-11-19
1316,9.0,44,0.0,2013-11-20
1317,18.4,40,0.0,2013-11-20
1318,38.0,28,0.0,2013-11-20
1319,38.0,15,0.0,2013-11-20
1320,55.0,6,0.0,2013-11-20
1321,18.0,10,0.0,2013-11-20
1322,23.25,5,0.15,2013-11-21
1323,9.5,40,0.15,2013-11-21
1324,55.0,25,0.15,2013-11-21
1325,31.23,12,0.1,2013-11-24
1326,25.89,30,0.0,2013-11-24
1327,16.25,20,0.1,2013-11-24
1328,15.0,15,0.0,2013-11-24
1329,18.0,8,0.0,2013-11-24
1330,36.0,3,0.0,2013-11-24
1331,9.5,4,0.0,2013-11-25
1332,10.0,5,0.0,2013-11-25
1333,18.4,3,0.0,2013-11-25
1334,9.5,30,0.25,2013-11-26
1335,38.0,30,0.25,2013-11-26
1336,19.5,14,0.25,2013-11-26
1337,36.0,25,0.25,2013-11-26
1338,62.5,21,0.2,2013-11-27
1339,19.0,20,0.2,2013-11-27
1340,12.5,6,0.2,2013-11-27
1341,36.0,20,0.2,2013-11-27
1342,14.0,30,0.0,2013-11-27
1343,55.0,7,0.0,2013-11-27
1344,49.3,30,0.0,2013-11-27
1345,33.25,24,0.0,2013-11-27
1346,31.23,20,0.0,2013-11-28
1347,7.0,60,0.0,2013-11-28
1348,15.0,40,0.0,2013-11-28
1349,32.0,10,0.0,2013-11-28
1350,14.0,12,0.25,2013-12-01
1351,43.9,40,0.0,2013-12-01
1352,46.0,30,0.25,2013-12-01
1353,14.0,35,0.25,2013-12-02
1354,7.75,18,0.0,2013-12-02
1355,18.0,16,0.0,2013-12-02
1356,9.5,30,0.0,2013-12-02
1357,53.0,28,0.0,2013-12-02
1358,38.0,60,0.0,2013-12-02
1359,10.0,40,0.0,2013-12-03
1360,21.0,6,0.0,2013-12-03
1361,4.5,20,0.0,2013-12-03
1362,10.0,20,0.1,2013-12-03
1363,18.0,130,0.1,2013-12-03
1364,21.05,80,0.1,2013-12-04
1365,19.0,40,0.0,2013-12-05
1366,30.0,35,0.0,2013-12-05
1367,12.5,40,0.0,2013-12-05
1368,14.0,2,0.0,2013-12-05
1369,21.0,4,0.0,2013-12-08
1370,12.5,50,0.0,2013-12-08
1371,34.0,15,0.0,2013-12-08
1372,21.5,12,0.0,2013-12-08
1373,9.65,30,0.05,2013-12-08
1374,7.0,15,0.05,2013-12-08
1375,28.5,20,0.0,2013-12-08
1376,49.3,15,0.0,2013-12-08
1377,21.0,15,0.25,2013-12-09
1378,21.5,16,0.0,2013-12-10
1379,123.79,18,0.0,2013-12-10
1380,55.0,25,0.0,2013-12-10
1381,39.0,33,0.0,2013-12-11
1382,12.5,70,0.2,2013-12-11
1383,7.75,7,0.2,2013-12-11
1384,12.5,2,0.25,2013-12-11
1385,17.0,50,0.0,2013-12-11
1386,31.0,6,0.0,2013-12-12
1387,14.0,3,0.0,2013-12-12
1388,12.5,16,0.05,2013-12-15
1389,14.0,12,0.05,2013-12-15
1390,9.5,27,0.05,2013-12-15
1391,53.0,120,0.05,2013-12-15
1392,14.0,20,0.2,2013-12-15
1393,9.65,10,0.0,2013-12-16
1394,17.45,20,0.0,2013-12-16
1395,49.3,20,0.0,2013-12-16
1396,15.0,35,0.0,2013-12-16
1397,13.0,15,0.0,2013-12-16
1398,7.45,3,0.2,2013-12-17
1399,38.0,20,0.2,2013-12-17
1400,10.0,35,0.0,2013-12-17
1401,12.5,1,0.0,2013-12-17
1402,12.5,10,0.0,2013-12-18
1403,263.5,5,0.0,2013-12-18
1404,19.0,30,0.0,2013-12-18
1405,18.0,2,0.15,2013-12-18
1406,34.8,30,0.15,2013-12-18
1407,31.0,10,0.0,2013-12-18
1408,7.75,10,0.0,2013-12-18
1409,40.0,30,0.2,2013-12-19
1410,25.89,15,0.2,2013-12-19
1411,7.75,42,0.2,2013-12-19
1412,19.0,15,0.05,2013-12-19
1413,123.79,20,0.05,2013-12-19
1414,9.2,50,0.05,2013-12-22
1415,7.75,40,0.05,2013-12-22
1416,62.5,30,0.0,2013-12-22
1417,18.0,15,0.0,2013-12-22
1418,43.9,30,0.0,2013-12-22
1419,12.5,18,0.0,2013-12-22
1420,30.0,3,0.15,2013-12-22
1421,38.0,20,0.15,2013-12-22
1422,123.79,14,0.05,2013-12-23
1423,9.65,20,0.05,2013-12-23
1424,19.0,10,0.0,2013-12-23
1425,7.45,3,0.0,2013-12-23
1426,12.5,15,0.0,2013-12-23
1427,9.65,14,0.0,2013-12-24
1428,7.0,8,0.0,2013-12-24
1429,23.25,15,0.2,2013-12-24
1430,7.45,6,0.2,2013-12-24
1431,17.45,65,0.0,2013-12-24
1432,39.0,35,0.25,2013-12-24
1433,31.23,21,0.2,2013-12-25
1434,19.45,10,0.0,2013-12-25
1435,33.25,35,0.2,2013-12-25
1436,36.0,24,0.2,2013-12-25
1437,21.0,20,0.0,2013-12-25
1438,49.3,2,0.0,2013-12-26
1439,34.8,10,0.0,2013-12-26
1440,6.0,20,0.15,2013-12-26
1441,4.5,20,0.15,2013-12-26
1442,55.0,25,0.0,2013-12-26
1443,21.0,50,0.1,2013-12-26
1444,53.0,10,0.1,2013-12-26
1445,7.45,7,0.1,2013-12-26
1446,39.0,40,0.25,2013-12-29
1447,123.79,20,0.25,2013-12-29
1448,25.89,25,0.25,2013-12-29
1449,53.0,30,0.25,2013-12-29
1450,24.0,60,0.25,2013-12-29
1451,49.3,5,0.25,2013-12-29
1452,9.2,24,0.05,2013-12-30
1453,14.0,15,0.05,2013-12-30
1454,55.0,15,0.05,2013-12-30
1455,31.0,36,0.0,2013-12-30
1456,45.6,24,0.0,2013-12-30
1457,20.0,4,0.15,2013-12-30
1458,14.0,10,0.0,2013-12-30
1459,263.5,10,0.0,2013-12-30
1460,19.0,20,0.25,2013-12-31
1461,21.05,2,0.0,2013-12-31
1462,10.0,15,0.25,2013-12-31
1463,18.4,1,0.0,2013-12-31
1464,38.0,20,0.15,2014-01-01
1465,18.0,50,0.15,2014-01-01
1466,7.0,20,0.0,2014-01-01
1467,6.0,7,0.0,2014-01-01
1468,14.0,5,0.0,2014-01-01
1469,15.0,5,0.0,2014-01-01
1470,9.2,15,0.0,2014-01-02
1471,9.0,18,0.0,2014-01-02
1472,18.4,30,0.0,2014-01-02
1473,12.5,16,0.1,2014-01-02
1474,34.8,40,0.1,2014-01-02
1475,13.0,20,0.0,2014-01-02
1476,19.0,12,0.2,2014-01-05
1477,12.0,35,0.0,2014-01-05
1478,9.65,20,0.0,2014-01-05
1479,46.0,20,0.15,2014-01-05
1480,12.75,8,0.15,2014-01-05
1481,28.5,30,0.15,2014-01-05
1482,2.5,16,0.0,2014-01-05
1483,263.5,30,0.05,2014-01-06
1484,49.3,20,0.05,2014-01-06
1485,31.23,40,0.15,2014-01-06
1486,263.5,30,0.0,2014-01-06
1487,18.4,60,0.15,2014-01-06
1488,49.3,25,0.15,2014-01-06
1489,32.0,20,0.0,2014-01-07
1490,9.65,20,0.0,2014-01-07
1491,46.0,7,0.0,2014-01-07
1492,7.75,20,0.0,2014-01-07
1493,38.0,30,0.0,2014-01-07
1494,18.0,20,0.0,2014-01-08
1495,53.0,6,0.0,2014-01-08
1496,49.3,3,0.0,2014-01-08
1497,15.0,6,0.0,2014-01-08
1498,21.0,20,0.1,2014-01-09
1499,19.5,15,0.0,2014-01-09
1500,55.0,40,0.1,2014-01-09
1501,13.0,15,0.1,2014-01-09
1502,9.65,12,0.0,2014-01-09
1503,15.0,9,0.0,2014-01-09
1504,31.23,12,0.0,2014-01-09
1505,32.8,20,0.0,2014-01-09
1506,12.5,35,0.0,2014-01-12
1507,19.5,15,0.0,2014-01-12
1508,31.0,15,0.0,2014-01-12
1509,18.0,21,0.0,2014-01-12
1510,81.0,5,0.0,2014-01-13
1511,263.5,2,0.0,2014-01-13
1512,19.0,10,0.0,2014-01-13
1513,40.0,20,0.0,2014-01-13
1514,6.0,10,0.0,2014-01-13
1515,34.0,21,0.0,2014-01-13
1516,25.0,6,0.0,2014-01-13
1517,18.0,28,0.0,2014-01-13
1518,34.0,30,0.0,2014-01-13
1519,12.5,24,0.0,2014-01-13
1520,9.2,2,0.0,2014-01-14
1521,18.0,8,0.0,2014-01-14
1522,263.5,8,0.0,2014-01-14
1523,46.0,9,0.0,2014-01-14
1524,6.0,3,0.2,2014-01-14
1525,14.0,10,0.2,2014-01-14
1526,19.45,16,0.2,2014-01-14
1527,33.25,3,0.0,2014-01-14
1528,30.0,20,0.1,2014-01-15
1529,12.5,9,0.1,2014-01-15
1530,32.8,9,0.1,2014-01-15
1531,123.79,8,0.05,2014-01-15
1532,25.89,20,0.05,2014-01-15
1533,55.0,15,0.0,2014-01-15
1534,13.0,2,0.2,2014-01-15
1535,21.0,52,0.0,2014-01-16
1536,18.0,6,0.0,2014-01-16
1537,19.5,24,0.0,2014-01-16
1538,34.0,60,0.0,2014-01-16
1539,33.25,30,0.0,2014-01-16
1540,6.0,6,0.0,2014-01-16
1541,18.4,25,0.0,2014-01-16
1542,9.5,40,0.25,2014-01-16
1543,18.0,21,0.25,2014-01-16
1544,18.0,4,0.25,2014-01-19
1545,62.5,25,0.25,2014-01-19
1546,19.0,50,0.25,2014-01-19
1547,13.25,30,0.1,2014-01-19
1548,34.8,15,0.1,2014-01-19
1549,14.0,6,0.2,2014-01-19
1550,18.0,10,0.2,2014-01-19
1551,31.0,16,0.0,2014-01-20
1552,38.0,30,0.0,2014-01-20
1553,55.0,50,0.0,2014-01-20
1554,13.0,15,0.0,2014-01-20
1555,21.0,15,0.0,2014-01-20
1556,46.0,5,0.0,2014-01-20
1557,12.5,20,0.0,2014-01-20
1558,15.0,12,0.0,2014-01-20
1559,53.0,4,0.25,2014-01-21
1560,21.0,35,0.0,2014-01-21
1561,9.0,70,0.1,2014-01-21
1562,18.0,25,0.1,2014-01-21
1563,14.0,42,0.1,2014-01-21
1564,13.25,60,0.1,2014-01-21
1565,33.25,48,0.0,2014-01-21
1566,22.0,21,0.0,2014-01-22
1567,15.0,30,0.0,2014-01-22
1568,10.0,20,0.0,2014-01-22
1569,18.0,80,0.2,2014-01-22
1570,9.2,12,0.2,2014-01-22
1571,26.0,60,0.2,2014-01-22
1572,9.5,36,0.2,2014-01-22
1573,34.0,45,0.2,2014-01-22
1574,21.5,55,0.2,2014-01-22
1575,21.35,30,0.0,2014-01-23
1576,97.0,3,0.0,2014-01-23
1577,10.0,49,0.0,2014-01-23
1578,31.23,18,0.15,2014-01-23
1579,14.0,20,0.15,2014-01-23
1580,2.5,4,0.15,2014-01-23
1581,15.0,30,0.15,2014-01-23
1582,19.0,5,0.05,2014-01-26
1583,14.0,10,0.05,2014-01-26
1584,19.5,10,0.05,2014-01-26
1585,55.0,42,0.05,2014-01-26
1586,19.0,15,0.0,2014-01-26
1587,39.0,6,0.0,2014-01-26
1588,49.3,50,0.0,2014-01-26
1589,62.5,10,0.0,2014-01-27
1590,31.0,100,0.15,2014-01-27
1591,6.0,65,0.15,2014-01-27
1592,17.45,50,0.0,2014-01-27
1593,12.5,14,0.0,2014-01-27
1594,38.0,24,0.0,2014-01-27
1595,21.05,15,0.15,2014-01-27
1596,19.0,20,0.0,2014-01-28
1597,14.0,20,0.0,2014-01-28
1598,10.0,30,0.0,2014-01-28
1599,31.23,35,0.25,2014-01-28
1600,123.79,10,0.25,2014-01-28
1601,30.0,5,0.0,2014-01-29
1602,43.9,10,0.0,2014-01-29
1603,15.0,4,0.0,2014-01-29
1604,4.5,40,0.25,2014-01-29
1605,7.45,35,0.25,2014-01-29
1606,33.25,30,0.25,2014-01-29
1607,53.0,3,0.0,2014-01-29
1608,18.0,20,0.0,2014-01-29
1609,39.0,42,0.0,2014-01-30
1610,62.5,20,0.0,2014-01-30
1611,10.0,40,0.0,2014-01-30
1612,2.5,35,0.0,2014-01-30
1613,49.3,3,0.0,2014-01-30
1614,21.0,25,0.0,2014-01-30
1615,7.0,8,0.0,2014-01-30
1616,18.0,20,0.15,2014-02-02
1617,13.25,12,0.15,2014-02-02
1618,18.0,4,0.0,2014-02-02
1619,14.0,15,0.0,2014-02-02
1620,263.5,60,0.05,2014-02-02
1621,18.0,80,0.05,2014-02-02
1622,19.0,21,0.25,2014-02-03
1623,4.5,6,0.25,2014-02-03
1624,25.89,40,0.25,2014-02-03
1625,32.8,3,0.0,2014-02-03
1626,31.23,20,0.0,2014-02-04
1627,18.0,30,0.0,2014-02-04
1628,20.0,42,0.1,2014-02-04
1629,18.0,40,0.0,2014-02-04
1630,21.0,10,0.0,2014-02-04
1631,9.0,50,0.0,2014-02-04
1632,12.5,20,0.0,2014-02-04
1633,18.0,3,0.0,2014-02-04
1634,53.0,2,0.0,2014-02-04
1635,25.0,50,0.05,2014-02-05
1636,17.45,12,0.05,2014-02-05
1637,39.0,16,0.05,2014-02-05
1638,24.0,10,0.05,2014-02-05
1639,49.3,20,0.05,2014-02-05
1640,33.25,15,0.05,2014-02-05
1641,21.05,21,0.05,2014-02-05
1642,10.0,20,0.0,2014-02-06
1643,45.6,3,0.0,2014-02-06
1644,31.0,10,0.0,2014-02-06
1645,9.2,25,0.0,2014-02-06
1646,9.5,21,0.1,2014-02-06
1647,20.0,15,0.0,2014-02-06
1648,12.0,21,0.0,2014-02-09
1649,33.25,20,0.0,2014-02-09
1650,17.45,30,0.25,2014-02-09
1651,62.5,25,0.0,2014-02-09
1652,81.0,20,0.05,2014-02-10
1653,18.4,12,0.0,2014-02-10
1654,21.05,10,0.0,2014-02-10
1655,18.0,10,0.0,2014-02-10
1656,9.0,30,0.2,2014-02-10
1657,28.5,30,0.2,2014-02-10
1658,15.0,50,0.2,2014-02-10
1659,15.0,10,0.0,2014-02-11
1660,14.0,25,0.0,2014-02-11
1661,20.0,20,0.15,2014-02-11
1662,7.45,32,0.15,2014-02-11
1663,4.5,8,0.0,2014-02-12
1664,10.0,40,0.05,2014-02-12
1665,38.0,21,0.05,2014-02-12
1666,21.05,12,0.05,2014-02-12
1667,19.0,20,0.0,2014-02-12
1668,4.5,12,0.0,2014-02-12
1669,15.0,30,0.0,2014-02-12
1670,13.0,25,0.0,2014-02-12
1671,31.0,70,0.0,2014-02-13
1672,12.5,35,0.0,2014-02-13
1673,13.0,40,0.0,2014-02-13
1674,14.0,5,0.0,2014-02-13
1675,19.0,20,0.0,2014-02-16
1676,12.5,18,0.0,2014-02-16
1677,21.0,40,0.0,2014-02-16
1678,263.5,40,0.0,2014-02-16
1679,39.0,15,0.0,2014-02-16
1680,14.0,10,0.0,2014-02-16
1681,9.65,14,0.0,2014-02-16
1682,25.89,15,0.05,2014-02-17
1683,55.0,40,0.05,2014-02-17
1684,40.0,30,0.0,2014-02-18
1685,4.5,10,0.0,2014-02-18
1686,123.79,24,0.0,2014-02-18
1687,25.89,35,0.0,2014-02-18
1688,19.0,20,0.0,2014-02-18
1689,6.0,28,0.05,2014-02-18
1690,36.0,50,0.05,2014-02-18
1691,7.75,120,0.05,2014-02-18
1692,4.5,110,0.0,2014-02-18
1693,18.0,45,0.0,2014-02-18
1694,18.4,91,0.0,2014-02-18
1695,34.0,100,0.0,2014-02-18
1696,9.5,15,0.0,2014-02-19
1697,38.0,16,0.0,2014-02-19
1698,123.79,80,0.0,2014-02-19
1699,25.89,36,0.0,2014-02-19
1700,6.0,5,0.0,2014-02-20
1701,18.0,8,0.15,2014-02-20
1702,15.0,3,0.25,2014-02-20
1703,9.65,30,0.0,2014-02-23
1704,21.5,30,0.0,2014-02-23
1705,24.0,30,0.15,2014-02-23
1706,49.3,6,0.15,2014-02-23
1707,6.0,40,0.0,2014-02-24
1708,21.05,21,0.0,2014-02-24
1709,12.5,20,0.0,2014-02-24
1710,13.25,15,0.0,2014-02-24
1711,49.3,35,0.0,2014-02-24
1712,18.0,20,0.05,2014-02-24
1713,28.5,15,0.0,2014-02-25
1714,7.75,14,0.0,2014-02-25
1715,30.0,20,0.05,2014-02-26
1716,7.0,14,0.05,2014-02-26
1717,30.0,12,0.0,2014-02-26
1718,17.45,15,0.0,2014-02-26
1719,9.65,5,0.0,2014-02-26
1720,9.2,12,0.0,2014-02-26
1721,20.0,10,0.0,2014-02-26
1722,28.5,5,0.0,2014-02-26
1723,18.0,10,0.0,2014-02-26
1724,39.0,12,0.0,2014-02-26
1725,14.0,15,0.0,2014-02-26
1726,21.0,40,0.25,2014-02-26
1727,123.79,60,0.25,2014-02-26
1728,22.0,30,0.25,2014-02-26
1729,2.5,40,0.25,2014-02-26
1730,13.25,15,0.0,2014-02-26
1731,21.5,25,0.0,2014-02-27
1732,39.0,10,0.0,2014-02-27
1733,2.5,30,0.0,2014-02-27
1734,7.45,10,0.0,2014-02-27
1735,17.45,6,0.0,2014-02-27
1736,32.0,6,0.0,2014-02-27
1737,19.5,20,0.0,2014-02-27
1738,25.89,1,0.0,2014-03-02
1739,34.0,10,0.0,2014-03-02
1740,18.0,60,0.25,2014-03-02
1741,34.0,25,0.25,2014-03-02
1742,17.45,24,0.0,2014-03-02
1743,14.0,24,0.0,2014-03-02
1744,18.4,20,0.0,2014-03-02
1745,16.25,24,0.0,2014-03-03
1746,18.0,10,0.0,2014-03-03
1747,43.9,40,0.0,2014-03-03
1748,39.0,15,0.0,2014-03-03
1749,4.5,35,0.0,2014-03-03
1750,14.0,10,0.2,2014-03-03
1751,46.0,10,0.2,2014-03-03
1752,14.0,24,0.2,2014-03-03
1753,31.0,20,0.1,2014-03-04
1754,45.6,30,0.1,2014-03-04
1755,7.75,6,0.0,2014-03-04
1756,19.0,25,0.15,2014-03-04
1757,7.0,12,0.15,2014-03-04
1758,21.0,2,0.0,2014-03-04
1759,6.0,10,0.0,2014-03-04
1760,9.2,7,0.0,2014-03-04
1761,34.8,10,0.0,2014-03-04
1762,81.0,5,0.0,2014-03-05
1763,7.0,5,0.0,2014-03-05
1764,18.0,20,0.0,2014-03-05
1765,9.5,5,0.0,2014-03-05
1766,18.0,5,0.0,2014-03-05
1767,10.0,60,0.0,2014-03-05
1768,7.75,49,0.0,2014-03-05
1769,13.0,15,0.0,2014-03-05
1770,10.0,36,0.0,2014-03-06
1771,43.9,25,0.0,2014-03-06
1772,24.0,25,0.2,2014-03-06
1773,13.25,30,0.2,2014-03-06
1774,6.0,42,0.15,2014-03-06
1775,19.5,30,0.0,2014-03-06
1776,17.45,30,0.1,2014-03-06
1777,49.3,14,0.1,2014-03-06
1778,34.8,16,0.0,2014-03-06
1779,7.75,20,0.1,2014-03-06
1780,32.8,2,0.0,2014-03-06
1781,28.5,30,0.0,2014-03-06
1782,25.0,20,0.0,2014-03-09
1783,18.0,21,0.0,2014-03-09
1784,62.5,4,0.25,2014-03-09
1785,9.0,8,0.25,2014-03-09
1786,19.0,30,0.2,2014-03-09
1787,45.6,8,0.0,2014-03-10
1788,14.0,20,0.0,2014-03-10
1789,6.0,20,0.25,2014-03-10
1790,46.0,24,0.25,2014-03-10
1791,34.0,49,0.25,2014-03-10
1792,21.5,35,0.25,2014-03-10
1793,19.0,10,0.15,2014-03-10
1794,14.0,40,0.15,2014-03-10
1795,30.0,8,0.0,2014-03-11
1796,6.0,20,0.0,2014-03-11
1797,12.5,44,0.25,2014-03-11
1798,49.3,30,0.25,2014-03-11
1799,12.5,80,0.25,2014-03-11
1800,34.8,50,0.0,2014-03-11
1801,20.0,28,0.0,2014-03-11
1802,6.0,15,0.0,2014-03-11
1803,21.0,21,0.0,2014-03-11
1804,12.0,15,0.0,2014-03-11
1805,21.0,5,0.25,2014-03-12
1806,19.45,18,0.25,2014-03-12
1807,38.0,18,0.0,2014-03-12
1808,6.0,20,0.0,2014-03-12
1809,12.5,10,0.0,2014-03-12
1810,31.0,25,0.0,2014-03-12
1811,4.5,25,0.0,2014-03-12
1812,13.0,40,0.0,2014-03-12
1813,55.0,4,0.0,2014-03-13
1814,16.25,9,0.0,2014-03-13
1815,53.0,40,0.0,2014-03-13
1816,24.0,4,0.0,2014-03-13
1817,25.0,12,0.0,2014-03-13
1818,31.0,30,0.0,2014-03-13
1819,39.0,6,0.0,2014-03-13
1820,49.3,60,0.0,2014-03-13
1821,22.0,5,0.0,2014-03-16
1822,2.5,15,0.05,2014-03-16
1823,9.65,6,0.05,2014-03-16
1824,7.75,50,0.05,2014-03-16
1825,25.0,16,0.05,2014-03-16
1826,45.6,2,0.0,2014-03-16
1827,81.0,50,0.05,2014-03-16
1828,12.5,50,0.05,2014-03-16
1829,17.45,28,0.15,2014-03-17
1830,12.5,25,0.15,2014-03-17
1831,9.5,30,0.0,2014-03-17
1832,34.0,24,0.15,2014-03-17
1833,7.75,12,0.2,2014-03-17
1834,10.0,12,0.0,2014-03-17
1835,9.5,14,0.0,2014-03-17
1836,53.0,8,0.0,2014-03-17
1837,25.89,30,0.0,2014-03-18
1838,18.0,40,0.0,2014-03-18
1839,33.25,8,0.0,2014-03-18
1840,21.35,20,0.0,2014-03-18
1841,30.0,6,0.0,2014-03-18
1842,34.8,5,0.0,2014-03-18
1843,7.75,20,0.15,2014-03-18
1844,4.5,10,0.25,2014-03-19
1845,9.65,24,0.0,2014-03-19
1846,7.0,6,0.05,2014-03-19
1847,18.0,60,0.0,2014-03-19
1848,30.0,45,0.0,2014-03-19
1849,6.0,77,0.0,2014-03-19
1850,32.8,20,0.0,2014-03-19
1851,36.0,9,0.0,2014-03-19
1852,18.0,44,0.0,2014-03-19
1853,34.0,2,0.15,2014-03-19
1854,62.5,6,0.0,2014-03-20
1855,263.5,5,0.0,2014-03-20
1856,36.0,10,0.0,2014-03-20
1857,53.0,16,0.0,2014-03-20
1858,26.0,8,0.0,2014-03-20
1859,38.0,12,0.15,2014-03-20
1860,49.3,12,0.15,2014-03-20
1861,9.2,12,0.0,2014-03-23
1862,20.0,40,0.0,2014-03-23
1863,38.0,30,0.0,2014-03-23
1864,4.5,30,0.0,2014-03-23
1865,33.25,4,0.0,2014-03-23
1866,12.0,9,0.0,2014-03-23
1867,7.0,40,0.2,2014-03-24
1868,123.79,14,0.0,2014-03-24
1869,39.0,6,0.0,2014-03-24
1870,2.5,7,0.0,2014-03-24
1871,31.23,5,0.0,2014-03-24
1872,9.65,6,0.0,2014-03-24
1873,7.75,10,0.0,2014-03-24
1874,43.9,10,0.0,2014-03-25
1875,40.0,16,0.0,2014-03-25
1876,7.75,10,0.0,2014-03-25
1877,45.6,20,0.0,2014-03-25
1878,18.0,30,0.0,2014-03-26
1879,9.5,30,0.0,2014-03-26
1880,53.0,10,0.0,2014-03-26
1881,43.9,20,0.0,2014-03-26
1882,40.0,20,0.15,2014-03-26
1883,10.0,40,0.15,2014-03-26
1884,18.4,10,0.0,2014-03-26
1885,19.45,6,0.15,2014-03-26
1886,30.0,18,0.0,2014-03-26
1887,38.0,20,0.0,2014-03-26
1888,4.5,80,0.0,2014-03-26
1889,43.9,30,0.0,2014-03-26
1890,12.5,24,0.0,2014-03-26
1891,43.9,35,0.0,2014-03-26
1892,7.75,40,0.2,2014-03-27
1893,263.5,60,0.0,2014-03-27
1894,30.0,20,0.0,2014-03-27
1895,46.0,9,0.0,2014-03-27
1896,6.0,84,0.15,2014-03-27
1897,19.5,15,0.0,2014-03-27
1898,17.45,55,0.0,2014-03-30
1899,4.5,20,0.0,2014-03-30
1900,19.0,40,0.0,2014-03-30
1901,17.45,36,0.1,2014-03-30
1902,62.5,8,0.1,2014-03-30
1903,32.0,35,0.1,2014-03-30
1904,21.0,30,0.0,2014-03-30
1905,81.0,15,0.0,2014-03-30
1906,18.0,10,0.0,2014-03-30
1907,13.0,15,0.0,2014-03-30
1908,30.0,60,0.0,2014-03-31
1909,46.0,6,0.0,2014-03-31
1910,34.8,20,0.0,2014-03-31
1911,30.0,60,0.0,2014-03-31
1912,49.3,40,0.1,2014-03-31
1913,25.0,40,0.0,2014-03-31
1914,21.0,15,0.0,2014-03-31
1915,9.65,4,0.0,2014-03-31
1916,10.0,65,0.0,2014-04-01
1917,14.0,60,0.15,2014-04-01
1918,24.0,65,0.15,2014-04-01
1919,28.5,66,0.15,2014-04-01
1920,19.0,50,0.2,2014-04-01
1921,15.0,20,0.2,2014-04-01
1922,18.0,90,0.2,2014-04-01
1923,34.8,2,0.0,2014-04-01
1924,123.79,50,0.25,2014-04-01
1925,9.65,35,0.25,2014-04-01
1926,55.0,18,0.05,2014-04-02
1927,53.0,20,0.0,2014-04-02
1928,34.0,4,0.0,2014-04-02
1929,14.0,40,0.0,2014-04-02
1930,32.0,50,0.0,2014-04-03
1931,12.0,20,0.25,2014-04-03
1932,7.0,20,0.25,2014-04-03
1933,4.5,12,0.0,2014-04-03
1934,28.5,7,0.0,2014-04-03
1935,10.0,20,0.0,2014-04-03
1936,7.75,30,0.0,2014-04-03
1937,9.65,20,0.05,2014-04-03
1938,53.0,15,0.05,2014-04-03
1939,13.0,21,0.05,2014-04-03
1940,22.0,25,0.25,2014-04-06
1941,4.5,30,0.25,2014-04-06
1942,13.0,30,0.0,2014-04-06
1943,30.0,60,0.0,2014-04-06
1944,21.0,25,0.0,2014-04-06
1945,12.0,25,0.0,2014-04-06
1946,24.0,6,0.0,2014-04-06
1947,6.0,56,0.0,2014-04-06
1948,18.0,15,0.15,2014-04-06
1949,14.0,24,0.15,2014-04-06
1950,24.0,40,0.0,2014-04-06
1951,18.0,4,0.0,2014-04-06
1952,18.4,10,0.0,2014-04-06
1953,7.0,10,0.0,2014-04-06
1954,31.23,6,0.0,2014-04-07
1955,18.0,6,0.0,2014-04-07
1956,18.0,2,0.0,2014-04-07
1957,55.0,10,0.0,2014-04-07
1958,18.0,8,0.0,2014-04-07
1959,123.79,2,0.25,2014-04-07
1960,40.0,30,0.0,2014-04-08
1961,123.79,10,0.0,2014-04-08
1962,14.0,14,0.0,2014-04-08
1963,45.6,70,0.05,2014-04-08
1964,14.0,90,0.05,2014-04-08
1965,21.5,21,0.0,2014-04-08
1966,4.5,12,0.0,2014-04-08
1967,19.0,18,0.25,2014-04-08
1968,34.0,9,0.0,2014-04-08
1969,30.0,20,0.0,2014-04-09
1970,4.5,10,0.0,2014-04-09
1971,13.25,40,0.05,2014-04-09
1972,21.5,20,0.0,2014-04-09
1973,9.2,50,0.05,2014-04-09
1974,34.0,36,0.05,2014-04-09
1975,21.5,60,0.05,2014-04-09
1976,9.0,10,0.0,2014-04-09
1977,14.0,4,0.0,2014-04-09
1978,9.5,20,0.0,2014-04-09
1979,12.5,2,0.0,2014-04-09
1980,9.65,28,0.1,2014-04-10
1981,25.89,15,0.0,2014-04-10
1982,13.0,18,0.0,2014-04-10
1983,12.5,15,0.0,2014-04-10
1984,19.0,16,0.0,2014-04-10
1985,10.0,25,0.0,2014-04-13
1986,55.0,110,0.0,2014-04-13
1987,15.0,30,0.0,2014-04-13
1988,38.0,20,0.0,2014-04-13
1989,62.5,10,0.0,2014-04-13
1990,38.0,5,0.0,2014-04-13
1991,12.0,3,0.0,2014-04-13
1992,20.0,2,0.0,2014-04-13
1993,31.0,24,0.15,2014-04-14
1994,19.0,11,0.25,2014-04-14
1995,81.0,15,0.0,2014-04-14
1996,31.23,63,0.0,2014-04-14
1997,53.0,44,0.25,2014-04-14
1998,34.8,35,0.0,2014-04-14
1999,9.2,35,0.0,2014-04-14
2000,36.0,30,0.0,2014-04-14
2001,30.0,4,0.0,2014-04-14
2002,46.0,30,0.0,2014-04-14
2003,31.23,12,0.0,2014-04-15
2004,2.5,30,0.0,2014-04-15
2005,21.05,21,0.0,2014-04-15
2006,21.5,50,0.0,2014-04-15
2007,18.0,10,0.1,2014-04-15
2008,6.0,20,0.1,2014-04-15
2009,62.5,8,0.0,2014-04-15
2010,53.0,10,0.0,2014-04-15
2011,4.5,30,0.25,2014-04-16
2012,49.3,21,0.25,2014-04-16
2013,24.0,35,0.0,2014-04-16
2014,55.0,24,0.0,2014-04-16
2015,38.0,20,0.0,2014-04-16
2016,43.9,12,0.0,2014-04-16
2017,19.0,100,0.25,2014-04-17
2018,21.35,70,0.0,2014-04-17
2019,123.79,60,0.25,2014-04-17
2020,55.0,100,0.25,2014-04-17
2021,18.0,45,0.0,2014-04-17
2022,6.0,80,0.0,2014-04-17
2023,4.5,21,0.0,2014-04-17
2024,33.25,20,0.0,2014-04-17
2025,21.5,16,0.0,2014-04-17
2026,19.0,35,0.0,2014-04-17
2027,263.5,25,0.0,2014-04-17
2028,55.0,30,0.0,2014-04-17
2029,32.8,70,0.1,2014-04-17
2030,36.0,36,0.1,2014-04-17
2031,10.0,15,0.1,2014-04-20
2032,19.45,12,0.0,2014-04-20
2033,28.5,6,0.0,2014-04-20
2034,18.0,10,0.0,2014-04-20
2035,18.0,60,0.0,2014-04-20
2036,14.0,30,0.0,2014-04-20
2037,7.45,10,0.0,2014-04-20
2038,6.0,7,0.0,2014-04-20
2039,55.0,30,0.0,2014-04-20
2040,15.0,4,0.0,2014-04-21
2041,18.4,5,0.2,2014-04-21
2042,7.0,2,0.0,2014-04-21
2043,21.5,30,0.0,2014-04-21
2044,45.6,20,0.0,2014-04-21
2045,18.0,24,0.0,2014-04-21
2046,20.0,60,0.0,2014-04-21
2047,19.5,28,0.0,2014-04-21
2048,10.0,20,0.0,2014-04-22
2049,19.0,30,0.2,2014-04-22
2050,43.9,30,0.0,2014-04-22
2051,19.45,15,0.0,2014-04-22
2052,28.5,4,0.0,2014-04-22
2053,21.0,10,0.0,2014-04-22
2054,49.3,12,0.0,2014-04-23
2055,2.5,15,0.0,2014-04-23
2056,53.0,24,0.0,2014-04-23
2057,38.0,20,0.05,2014-04-23
2058,32.0,15,0.05,2014-04-23
2059,18.0,18,0.05,2014-04-23
2060,18.0,25,0.25,2014-04-24
2061,21.35,30,0.25,2014-04-24
2062,12.5,42,0.0,2014-04-24
2063,19.0,10,0.2,2014-04-24
2064,38.0,4,0.2,2014-04-24
2065,18.0,50,0.1,2014-04-27
2066,4.5,10,0.2,2014-04-27
2067,46.0,30,0.2,2014-04-27
2068,28.5,10,0.2,2014-04-27
2069,62.5,35,0.2,2014-04-27
2070,32.0,20,0.0,2014-04-27
2071,33.25,25,0.2,2014-04-27
2072,2.5,10,0.0,2014-04-28
2073,14.0,20,0.0,2014-04-28
2074,4.5,15,0.0,2014-04-28
2075,14.0,15,0.0,2014-04-28
2076,53.0,20,0.0,2014-04-28
2077,19.5,20,0.0,2014-04-28
2078,30.0,40,0.0,2014-04-28
2079,24.0,35,0.0,2014-04-28
2080,34.0,50,0.0,2014-04-28
2081,15.0,3,0.0,2014-04-29
2082,10.0,3,0.0,2014-04-29
2083,34.0,21,0.0,2014-04-29
2084,28.5,4,0.0,2014-04-29
2085,6.0,30,0.0,2014-04-29
2086,39.0,12,0.0,2014-04-29
2087,34.0,35,0.0,2014-04-29
2088,34.0,4,0.0,2014-04-30
2089,13.0,10,0.0,2014-04-30
2090,34.0,15,0.0,2014-04-30
2091,32.8,10,0.2,2014-04-30
2092,15.0,12,0.2,2014-04-30
2093,14.0,30,0.0,2014-04-30
2094,18.4,40,0.1,2014-04-30
2095,9.65,30,0.1,2014-04-30
2096,39.0,77,0.1,2014-05-01
2097,9.65,12,0.0,2014-05-01
2098,32.8,25,0.1,2014-05-01
2099,24.0,4,0.1,2014-05-01
2100,12.5,55,0.0,2014-05-01
2101,25.89,4,0.25,2014-05-01
2102,7.45,20,0.25,2014-05-01
2103,17.45,3,0.0,2014-05-01
2104,9.2,42,0.0,2014-05-01
2105,14.0,35,0.0,2014-05-01
2106,9.65,9,0.0,2014-05-04
2107,45.6,8,0.15,2014-05-04
2108,46.0,36,0.15,2014-05-04
2109,13.0,28,0.15,2014-05-04
2110,18.0,20,0.0,2014-05-04
2111,18.0,40,0.15,2014-05-05
2112,19.0,20,0.15,2014-05-05
2113,17.45,30,0.15,2014-05-05
2114,12.5,20,0.0,2014-05-05
2115,30.0,15,0.05,2014-05-05
2116,6.0,10,0.05,2014-05-05
2117,19.0,8,0.0,2014-05-05
2118,9.65,40,0.0,2014-05-05
2119,16.25,22,0.0,2014-05-05
2120,33.25,130,0.0,2014-05-05
2121,21.0,10,0.0,2014-05-05
2122,4.5,20,0.0,2014-05-05
2123,17.45,14,0.05,2014-05-06
2124,19.0,10,0.15,2014-05-06
2125,12.0,30,0.15,2014-05-06
2126,18.0,2,0.15,2014-05-06
2127,25.0,20,0.25,2014-05-06
2128,23.25,20,0.25,2014-05-06
2129,9.2,10,0.25,2014-05-06
2130,19.0,24,0.2,2014-05-06
2131,10.0,4,0.0,2014-05-06
2132,22.0,1,0.0,2014-05-06
2133,25.0,1,0.02,2014-05-06
2134,30.0,1,0.05,2014-05-06
2135,40.0,2,0.1,2014-05-06
2136,31.0,1,0.0,2014-05-06
2137,38.0,2,0.05,2014-05-06
2138,6.0,4,0.0,2014-05-06
2139,23.25,1,0.03,2014-05-06
2140,17.45,2,0.03,2014-05-06
2141,81.0,1,0.04,2014-05-06
2142,9.0,2,0.0,2014-05-06
2143,32.0,1,0.0,2014-05-06
2144,18.0,2,0.05,2014-05-06
2145,9.65,3,0.0,2014-05-06
2146,12.0,3,0.02,2014-05-06
2147,7.0,2,0.0,2014-05-06
2148,24.0,2,0.0,2014-05-06
2149,34.0,2,0.06,2014-05-06
2150,33.25,2,0.03,2014-05-06
2151,17.0,1,0.0,2014-05-06
2152,15.0,2,0.01,2014-05-06
2153,7.75,4,0.0,2014-05-06
2154,13.0,2,0.0,2014-05-06
